{
    "batch_size": 32,
    "batch_size_per_device": 32,
    "channels_first": true,
    "device": "Intel(R) Xeon(R) CPU E5-2650 v4 @ 2.20GHz",
    "framework": "chainer",
    "framework_full": "Chainer-7.7.0",
    "gpus": [],
    "mode": "training",
    "nb_epoch": 10,
    "nb_gpus": 0,
    "path_out": "./logs/training/resnet50/Xeon_E5-2650_v4",
    "platform": {
        "cpu": {
            "brand": "Intel(R) Xeon(R) CPU E5-2650 v4 @ 2.20GHz",
            "cache": {
                "1": 32768,
                "2": 262144,
                "3": 31457280
            },
            "clock": 1696.0146249999998,
            "clock_max": 2900.0,
            "clock_min": 1200.0,
            "logical_cores": 48,
            "physical_cores": 12
        },
        "gpus": [
            {
                "brand": "GeForce RTX 2080 Ti",
                "clock": 1635000,
                "compute_capability": 7.5,
                "cores": null,
                "memory": 11554717696,
                "memory_clock": 7000000,
                "multiprocessors": 68,
                "warp_size": 32
            }
        ],
        "hdds": {
            "/dev/nvme0n1": {
                "model": "INTEL SSDPEDMW800G4                     ",
                "size": 1562824368
            },
            "/dev/sda": {
                "model": "Samsung SSD 850 ",
                "size": 1000215216
            },
            "/dev/sdb": {
                "model": "Samsung SSD 850 ",
                "size": 1000215216
            }
        },
        "host": "kiev2.m.gsic.titech.ac.jp",
        "os": "Linux-3.10.0-1062.18.1.el7.x86_64-x86_64-with-centos-7.8.2003-Core",
        "ram": {
            "total": 270178746368
        },
        "swap": 0
    },
    "power": {
        "avg_watt_CPU": -49.652530909117885,
        "avg_watt_RAM": 3.813979504202315,
        "avg_watt_total": -45.83855140491557,
        "joules_CPU": -249646.796205,
        "joules_RAM": 19176.218142,
        "joules_total": -230470.578063,
        "sampling_ms": 100
    },
    "preheat": false,
    "problem": {
        "cnt_batches_per_epoch": 16,
        "cnt_samples": 512,
        "name": "resnet50",
        "size": [
            512,
            3,
            224,
            224
        ]
    },
    "samples_per_second": 1.018322534553688,
    "time_batch": 31.424228487710934,
    "time_epoch": 502.78765580337495,
    "time_sample": 0.9820071402409667,
    "time_total": 5027.8765580337495
}