{
    "batch_size": 32,
    "batch_size_per_device": 32,
    "channels_first": true,
    "device": "GeForce RTX 2080 Ti",
    "framework": "chainer",
    "framework_full": "Chainer-7.7.0",
    "gpus": [
        0
    ],
    "mode": "training",
    "nb_epoch": 10,
    "nb_gpus": 1,
    "path_out": "./logs/training/vgg16/RTX_2080_Ti",
    "platform": {
        "cpu": {
            "brand": "Intel(R) Xeon(R) CPU E5-2650 v4 @ 2.20GHz",
            "cache": {
                "1": 32768,
                "2": 262144,
                "3": 31457280
            },
            "clock": 1676.0521041666668,
            "clock_max": 2900.0,
            "clock_min": 1200.0,
            "logical_cores": 48,
            "physical_cores": 12
        },
        "gpus": [
            {
                "brand": "GeForce RTX 2080 Ti",
                "clock": 1635000,
                "compute_capability": 7.5,
                "cores": null,
                "memory": 11554717696,
                "memory_clock": 7000000,
                "multiprocessors": 68,
                "warp_size": 32
            }
        ],
        "hdds": {
            "/dev/nvme0n1": {
                "model": "INTEL SSDPEDMW800G4                     ",
                "size": 1562824368
            },
            "/dev/sda": {
                "model": "Samsung SSD 850 ",
                "size": 1000215216
            },
            "/dev/sdb": {
                "model": "Samsung SSD 850 ",
                "size": 1000215216
            }
        },
        "host": "kiev2.m.gsic.titech.ac.jp",
        "os": "Linux-3.10.0-1062.18.1.el7.x86_64-x86_64-with-centos-7.8.2003-Core",
        "ram": {
            "total": 270178746368
        },
        "swap": 0
    },
    "power": {
        "avg_watt_CPU": 64.24265577944577,
        "avg_watt_GPU": 274.44865060240966,
        "avg_watt_RAM": 11.65365001538314,
        "avg_watt_total": 350.34495639723855,
        "joules_CPU": 2916.562357,
        "joules_GPU": 12459.737125819971,
        "joules_RAM": 529.065876,
        "joules_total": 15905.36535881997,
        "sampling_ms": 100
    },
    "preheat": false,
    "problem": {
        "cnt_batches_per_epoch": 16,
        "cnt_samples": 512,
        "name": "vgg16",
        "size": [
            512,
            3,
            224,
            224
        ]
    },
    "samples_per_joule": 0.3219039540742657,
    "samples_per_joule_CPU": 1.755491353617577,
    "samples_per_joule_GPU": 0.41092359720735716,
    "samples_per_joule_device": 0.41092359720735716,
    "samples_per_second": 112.77742675424729,
    "time_batch": 0.28374472552677615,
    "time_epoch": 4.5399156084284185,
    "time_sample": 0.008867022672711755,
    "time_total": 45.399156084284186
}