{
    "batch_size": 32,
    "batch_size_per_device": 32,
    "channels_first": false,
    "device": "GeForce RTX 2080 Ti",
    "framework": "tensorflow",
    "framework_full": "TensorFlow-2.2.0",
    "gpus": [
        0
    ],
    "mode": "training",
    "nb_epoch": 10,
    "nb_gpus": 1,
    "path_out": "./logs/training/vgg16/RTX_2080_Ti",
    "platform": {
        "cpu": {
            "brand": "Intel(R) Xeon(R) CPU E5-2650 v4 @ 2.20GHz",
            "cache": {
                "1": 32768,
                "2": 262144,
                "3": 31457280
            },
            "clock": 1410.7565208333335,
            "clock_max": 2900.0,
            "clock_min": 1200.0,
            "logical_cores": 48,
            "physical_cores": 12
        },
        "gpus": [
            {
                "brand": "GeForce RTX 2080 Ti",
                "clock": 1635000,
                "compute_capability": 7.5,
                "cores": null,
                "memory": 11554717696,
                "memory_clock": 7000000,
                "multiprocessors": 68,
                "warp_size": 32
            }
        ],
        "hdds": {
            "/dev/nvme0n1": {
                "model": "INTEL SSDPEDMW800G4                     ",
                "size": 1562824368
            },
            "/dev/sda": {
                "model": "Samsung SSD 850 ",
                "size": 1000215216
            },
            "/dev/sdb": {
                "model": "Samsung SSD 850 ",
                "size": 1000215216
            }
        },
        "host": "kiev2.m.gsic.titech.ac.jp",
        "os": "Linux-3.10.0-1062.18.1.el7.x86_64-x86_64-with-centos-7.8.2003-Core",
        "ram": {
            "total": 270178746368
        },
        "swap": 0
    },
    "power": {
        "avg_watt_CPU": 64.8991284661929,
        "avg_watt_GPU": 287.238427631579,
        "avg_watt_RAM": 11.83642712714816,
        "avg_watt_total": 363.97398322492006,
        "joules_CPU": 2218.004943,
        "joules_GPU": 9816.715067880526,
        "joules_RAM": 404.523982,
        "joules_total": 12439.243992880527,
        "sampling_ms": 100
    },
    "preheat": false,
    "problem": {
        "cnt_batches_per_epoch": 16,
        "cnt_samples": 512,
        "name": "vgg16",
        "precision": "FP32",
        "size": [
            512,
            224,
            224,
            3
        ]
    },
    "samples_per_joule": 0.41160057660500743,
    "samples_per_joule_CPU": 2.3083807888520114,
    "samples_per_joule_GPU": 0.5215593978837395,
    "samples_per_joule_device": 0.5215593978837395,
    "samples_per_second": 149.8119013645984,
    "time_batch": 0.21360118727898225,
    "time_epoch": 3.417618996463716,
    "time_sample": 0.006675037102468195,
    "time_total": 34.17618996463716
}