{
    "batch_size": 32,
    "batch_size_per_device": 32,
    "channels_first": true,
    "device": "GeForce RTX 2080 Ti",
    "framework": "chainer",
    "framework_full": "Chainer-7.7.0",
    "gpus": [
        0
    ],
    "mode": "training",
    "nb_epoch": 10,
    "nb_gpus": 1,
    "path_out": "./logs/training/resnet50/RTX_2080_Ti",
    "platform": {
        "cpu": {
            "brand": "Intel(R) Xeon(R) CPU E5-2650 v4 @ 2.20GHz",
            "cache": {
                "1": 32768,
                "2": 262144,
                "3": 31457280
            },
            "clock": 1762.717020833333,
            "clock_max": 2900.0,
            "clock_min": 1200.0,
            "logical_cores": 48,
            "physical_cores": 12
        },
        "gpus": [
            {
                "brand": "GeForce RTX 2080 Ti",
                "clock": 1635000,
                "compute_capability": 7.5,
                "cores": null,
                "memory": 11554717696,
                "memory_clock": 7000000,
                "multiprocessors": 68,
                "warp_size": 32
            }
        ],
        "hdds": {
            "/dev/nvme0n1": {
                "model": "INTEL SSDPEDMW800G4                     ",
                "size": 1562824368
            },
            "/dev/sda": {
                "model": "Samsung SSD 850 ",
                "size": 1000215216
            },
            "/dev/sdb": {
                "model": "Samsung SSD 850 ",
                "size": 1000215216
            }
        },
        "host": "kiev2.m.gsic.titech.ac.jp",
        "os": "Linux-3.10.0-1062.18.1.el7.x86_64-x86_64-with-centos-7.8.2003-Core",
        "ram": {
            "total": 270178746368
        },
        "swap": 0
    },
    "power": {
        "avg_watt_CPU": 59.77226877966971,
        "avg_watt_GPU": 196.95472368421053,
        "avg_watt_RAM": 13.126647495667948,
        "avg_watt_total": 269.8536399595482,
        "joules_CPU": 1970.00216,
        "joules_GPU": 6491.325141267993,
        "joules_RAM": 432.634137,
        "joules_total": 8893.961438267994,
        "sampling_ms": 100
    },
    "preheat": false,
    "problem": {
        "cnt_batches_per_epoch": 16,
        "cnt_samples": 512,
        "name": "resnet50",
        "size": [
            512,
            3,
            224,
            224
        ]
    },
    "samples_per_joule": 0.5756714862704719,
    "samples_per_joule_CPU": 2.598981921928451,
    "samples_per_joule_GPU": 0.7887449617105263,
    "samples_per_joule_device": 0.7887449617105263,
    "samples_per_second": 155.34704599100994,
    "time_batch": 0.20599039908265696,
    "time_epoch": 3.2958463853225113,
    "time_sample": 0.00643719997133303,
    "time_total": 32.95846385322511
}