{
    "batch_size": 32,
    "batch_size_per_device": 32,
    "channels_first": true,
    "device": "Intel(R) Xeon(R) CPU E5-2650 v4 @ 2.20GHz",
    "framework": "chainer",
    "framework_full": "Chainer-7.7.0",
    "gpus": [],
    "mode": "training",
    "nb_epoch": 10,
    "nb_gpus": 0,
    "path_out": "./logs/training/vgg16/Xeon_E5-2650_v4",
    "platform": {
        "cpu": {
            "brand": "Intel(R) Xeon(R) CPU E5-2650 v4 @ 2.20GHz",
            "cache": {
                "1": 32768,
                "2": 262144,
                "3": 31457280
            },
            "clock": 1751.5271666666667,
            "clock_max": 2900.0,
            "clock_min": 1200.0,
            "logical_cores": 48,
            "physical_cores": 12
        },
        "gpus": [
            {
                "brand": "GeForce RTX 2080 Ti",
                "clock": 1635000,
                "compute_capability": 7.5,
                "cores": null,
                "memory": 11554717696,
                "memory_clock": 7000000,
                "multiprocessors": 68,
                "warp_size": 32
            }
        ],
        "hdds": {
            "/dev/nvme0n1": {
                "model": "INTEL SSDPEDMW800G4                     ",
                "size": 1562824368
            },
            "/dev/sda": {
                "model": "Samsung SSD 850 ",
                "size": 1000215216
            },
            "/dev/sdb": {
                "model": "Samsung SSD 850 ",
                "size": 1000215216
            }
        },
        "host": "kiev2.m.gsic.titech.ac.jp",
        "os": "Linux-3.10.0-1062.18.1.el7.x86_64-x86_64-with-centos-7.8.2003-Core",
        "ram": {
            "total": 270178746368
        },
        "swap": 0
    },
    "power": {
        "avg_watt_CPU": 33.87297993627717,
        "avg_watt_RAM": 2.6366583310080176,
        "avg_watt_total": 36.50963826728518,
        "joules_CPU": 324909.544938,
        "joules_RAM": 25290.820592,
        "joules_total": 350200.36552999995,
        "sampling_ms": 100
    },
    "preheat": false,
    "problem": {
        "cnt_batches_per_epoch": 16,
        "cnt_samples": 512,
        "name": "vgg16",
        "size": [
            512,
            3,
            224,
            224
        ]
    },
    "samples_per_joule": 0.014620201758645493,
    "samples_per_joule_CPU": 0.0157582320364796,
    "samples_per_joule_device": 0.0157582320364796,
    "samples_per_second": 0.5337782776028737,
    "time_batch": 59.949985495302826,
    "time_epoch": 959.1997679248452,
    "time_sample": 1.8734370467282133,
    "time_total": 9591.997679248452
}