{
    "batch_size": 32,
    "batch_size_per_device": 32,
    "channels_first": false,
    "device": "Intel(R) Xeon(R) CPU E5-2650 v4 @ 2.20GHz",
    "framework": "tensorflow",
    "framework_full": "TensorFlow-2.4.1",
    "gpus": [],
    "mode": "training",
    "nb_epoch": 10,
    "nb_gpus": 0,
    "path_out": "./logs/training/vgg16/Xeon_E5-2650_v4",
    "platform": {
        "cpu": {
            "brand": "Intel(R) Xeon(R) CPU E5-2650 v4 @ 2.20GHz",
            "cache": {
                "1": 32768,
                "2": 262144,
                "3": 31457280
            },
            "clock": 1732.2360208333332,
            "clock_max": 2900.0,
            "clock_min": 1200.0,
            "logical_cores": 48,
            "physical_cores": 12
        },
        "gpus": [
            {
                "brand": "GeForce RTX 2080 Ti",
                "clock": 1635000,
                "compute_capability": 7.5,
                "cores": null,
                "memory": 11554717696,
                "memory_clock": 7000000,
                "multiprocessors": 68,
                "warp_size": 32
            }
        ],
        "hdds": {
            "/dev/nvme0n1": {
                "model": "INTEL SSDPEDMW800G4                     ",
                "size": 1562824368
            },
            "/dev/sda": {
                "model": "Samsung SSD 850 ",
                "size": 1000215216
            },
            "/dev/sdb": {
                "model": "Samsung SSD 850 ",
                "size": 1000215216
            }
        },
        "host": "kiev2.m.gsic.titech.ac.jp",
        "os": "Linux-3.10.0-1062.18.1.el7.x86_64-x86_64-with-centos-7.8.2003-Core",
        "ram": {
            "total": 270178746368
        },
        "swap": 0
    },
    "power": {
        "avg_watt_CPU": -163.86431333227674,
        "avg_watt_RAM": 25.592931772741586,
        "avg_watt_total": -138.27138155953514,
        "joules_CPU": -136052.931794,
        "joules_RAM": 21249.247808,
        "joules_total": -114803.683986,
        "sampling_ms": 100
    },
    "preheat": false,
    "problem": {
        "cnt_batches_per_epoch": 16,
        "cnt_samples": 512,
        "name": "vgg16",
        "precision": "FP32",
        "size": [
            512,
            224,
            224,
            3
        ]
    },
    "samples_per_second": 6.166609371796401,
    "time_batch": 5.1892374027054755,
    "time_epoch": 83.02779844328761,
    "time_sample": 0.1621636688345461,
    "time_total": 830.2779844328761
}